{"cameraMode":{"drawMode":0,"name":"Shaded","section":"Shading Mode"},"sceneLighting":true,"audioPlay":false,"sceneViewState":{"showFog":true,"showMaterialUpdate":false,"showSkybox":true,"showFlares":true,"showImageEffects":true,"showParticleSystems":true,"showVisualEffectGraphs":true,"m_FxEnabled":true},"in2DMode":false,"pivot":{"x":22.566238403320314,"y":-0.30515944957733157,"z":10.10323715209961},"rotation":{"x":0.7091778516769409,"y":-0.008464042097330094,"z":0.00850631669163704,"w":0.7049368023872376},"size":29.70091438293457,"orthographic":false}