{"cameraMode":{"drawMode":0,"name":"Shaded","section":"Shading Mode"},"sceneLighting":true,"audioPlay":false,"sceneViewState":{"showFog":true,"showMaterialUpdate":false,"showSkybox":true,"showFlares":true,"showImageEffects":true,"showParticleSystems":true,"showVisualEffectGraphs":true,"m_FxEnabled":true},"in2DMode":false,"pivot":{"x":0.02512359619140625,"y":-0.07151222229003906,"z":0.02512359619140625},"rotation":{"x":-0.08773113042116165,"y":0.8992738723754883,"z":-0.2118016928434372,"w":-0.37249141931533816},"size":1170.9061279296875,"orthographic":false}