{"cameraMode":{"drawMode":0,"name":"Shaded","section":"Shading Mode"},"sceneLighting":true,"audioPlay":false,"sceneViewState":{"showFog":true,"showMaterialUpdate":false,"showSkybox":true,"showFlares":true,"showImageEffects":true,"showParticleSystems":true,"showVisualEffectGraphs":true,"m_FxEnabled":true},"in2DMode":false,"pivot":{"x":-1.40228271484375,"y":0.651390552520752,"z":0.5847110748291016},"rotation":{"x":0.21866224706172944,"y":0.021953394636511804,"z":-0.004920732695609331,"w":0.9755417704582214},"size":124.82159423828125,"orthographic":false}