{"cameraMode":{"drawMode":0,"name":"Shaded","section":"Shading Mode"},"sceneLighting":true,"audioPlay":false,"sceneViewState":{"showFog":true,"showMaterialUpdate":false,"showSkybox":true,"showFlares":true,"showImageEffects":true,"showParticleSystems":true,"showVisualEffectGraphs":true,"m_FxEnabled":true},"in2DMode":false,"pivot":{"x":612.3397216796875,"y":395.3883056640625,"z":-16.0992488861084},"rotation":{"x":-0.01799944043159485,"y":-0.0012033171951770783,"z":-0.000012224209058331326,"w":0.9998467564582825},"size":432.8857116699219,"orthographic":true}